,Unnamed: 0,Unnamed: 0.1,Unnamed: 0.1.1,Unnamed: 0.1.1.1,Unnamed: 0.1.1.1.1,Unnamed: 0.1.1.1.1.1,Unnamed: 0.1.1.1.1.1.1,Unnamed: 0.1.1.1.1.1.1.1,Unnamed: 0.1.1.1.1.1.1.1.1,Unnamed: 0.1.1.1.1.1.1.1.1.1,Unnamed: 0.1.1.1.1.1.1.1.1.1.1,Unnamed: 0.1.1.1.1.1.1.1.1.1.1.1,Unnamed: 0.1.1.1.1.1.1.1.1.1.1.1.1,Unnamed: 0.1.1.1.1.1.1.1.1.1.1.1.1.1,Unnamed: 0.1.1.1.1.1.1.1.1.1.1.1.1.1.1,Unnamed: 0.1.1.1.1.1.1.1.1.1.1.1.1.1.1.1,Unnamed: 0.1.1.1.1.1.1.1.1.1.1.1.1.1.1.1.1,Unnamed: 0.1.1.1.1.1.1.1.1.1.1.1.1.1.1.1.1.1,Unnamed: 0.1.1.1.1.1.1.1.1.1.1.1.1.1.1.1.1.1.1,Unnamed: 0.1.1.1.1.1.1.1.1.1.1.1.1.1.1.1.1.1.1.1,Unnamed: 0.1.1.1.1.1.1.1.1.1.1.1.1.1.1.1.1.1.1.1.1,Unnamed: 0.1.1.1.1.1.1.1.1.1.1.1.1.1.1.1.1.1.1.1.1.1,Unnamed: 0.1.1.1.1.1.1.1.1.1.1.1.1.1.1.1.1.1.1.1.1.1.1,id,category2,pxm
0,132,202,90,130,4,136,246,85,205,31,173,123,50,178,6,11,144,229,161,188,247,113,15,7444,Men,7492.911697938275
1,0,132,227,164,121,128,5,212,18,236,218,8,91,214,242,208,234,117,181,219,28,29,205,4312,Women,2322.6607733984283
2,79,70,243,103,145,189,191,60,29,64,2,116,177,49,170,149,193,16,76,84,119,44,166,13562,Women,1414.0582067914884
3,91,195,241,105,39,237,111,115,46,15,78,68,34,73,178,6,11,144,229,161,188,249,125,13214,Men,879.666499582289
4,205,241,23,238,110,222,113,23,238,110,222,113,23,12,133,62,195,87,179,241,105,50,108,23679,Women,781.9838387446746
5,120,34,134,187,124,160,24,198,168,167,33,231,156,247,174,150,56,176,183,90,130,145,101,9211,Women,589.5743364822313
6,86,146,53,185,74,139,75,155,57,137,200,69,81,72,92,158,3,125,49,170,149,217,165,2157,Women,587.2436159686546
7,235,16,68,34,175,165,140,70,227,164,121,128,5,134,187,124,160,24,198,168,167,167,167,18519,Men,549.1348885033095
8,171,157,231,156,184,55,20,206,232,152,102,197,38,76,84,119,94,226,186,154,7,143,100,22196,Unisex,518.2569991154356
9,11,133,242,208,234,117,181,219,28,97,194,162,100,146,99,98,93,233,141,192,190,36,170,3156,Women,512.0023391812865
10,143,184,4,136,246,85,205,31,173,123,50,199,63,147,108,213,17,27,230,159,147,118,202,12078,Women,505.40972222222223
11,133,161,115,46,15,78,68,34,175,165,140,70,227,162,100,157,14,22,209,35,235,106,192,4464,Men,381.3465643274854
12,85,125,198,168,167,33,231,156,184,55,20,206,232,126,58,42,225,169,240,106,142,181,175,9711,Men,366.75723684210527
13,52,78,229,161,188,247,174,150,56,176,183,90,130,168,167,33,231,156,184,55,20,236,190,2004,Women,365.51609084929515
14,56,84,13,83,210,221,72,92,158,3,125,49,170,222,113,23,238,110,222,113,23,27,224,13366,Women,361.1464494569758
15,1,0,132,114,30,134,187,124,160,24,198,168,167,186,154,7,1,0,132,114,30,234,162,6483,Men,356.6269841269841
16,238,190,36,44,228,163,77,67,207,36,44,228,163,189,191,60,29,64,2,116,177,14,136,23471,Women,327.2330827067669
17,136,123,94,226,186,154,7,1,0,132,114,30,134,248,73,178,6,11,144,229,161,115,63,22881,Women,323.17593984962406
18,208,90,51,202,71,138,182,249,82,26,203,51,202,18,236,218,8,91,59,65,12,1,0,13966,Women,318.8166666666667
19,68,48,116,177,135,211,19,53,185,74,139,75,155,199,63,201,223,172,43,95,214,247,113,4219,Men,313.6163742690058
20,144,19,133,62,195,87,179,241,105,39,237,111,115,113,23,238,110,222,113,23,238,135,193,3599,Women,296.5995405179616
21,71,13,238,110,222,113,23,238,110,222,113,23,238,95,214,242,208,234,117,181,219,111,34,1980,Men,285.93055555555554
22,32,163,128,5,212,18,236,218,8,91,59,65,12,136,246,85,205,31,173,123,50,108,139,8882,Men,285.38095238095235
23,27,207,8,91,59,65,12,133,62,195,87,179,241,98,93,233,141,192,190,54,224,87,146,17957,Men,272.17380952380955
24,64,229,17,27,230,159,147,108,213,17,27,230,159,205,31,173,123,50,199,63,201,82,80,3615,Women,266.0294117647059
25,236,141,216,244,89,96,146,99,98,93,233,141,192,37,48,239,107,109,216,244,89,237,221,3910,Men,263.1578947368421
26,83,214,247,174,150,56,176,183,90,130,4,136,246,112,126,58,42,225,169,240,106,192,6,15529,Women,251.47563025210087
27,207,114,9,79,215,10,32,166,25,86,122,21,120,10,32,166,25,86,122,21,120,58,137,4722,Men,250.6736842105263
28,170,231,16,76,84,119,94,226,186,154,7,1,0,132,114,30,134,187,124,160,24,22,207,4242,Women,248.52932330827068
29,209,112,218,8,91,59,65,12,133,62,195,87,179,51,202,71,138,182,249,82,26,163,128,6783,Men,248.14285714285717
30,22,32,69,81,80,118,101,13,83,210,221,72,92,181,219,28,97,194,162,100,157,231,16,4322,Women,243.39448621553885
31,206,55,59,65,12,133,62,195,87,179,241,105,39,166,25,86,122,21,120,129,61,196,35,10833,Women,242.844298245614
32,163,25,206,232,152,102,197,38,204,41,143,104,153,198,168,167,33,231,156,184,55,59,176,13723,Women,237.6888888888889
33,228,148,180,127,40,131,220,180,127,40,131,220,180,52,243,103,145,189,191,60,29,205,20,7679,Men,234.97777777777782
34,224,153,43,95,214,242,208,234,117,181,219,28,97,30,134,187,124,160,24,198,168,7,143,7223,Men,234.0018218623482
35,29,209,127,40,131,220,180,127,40,131,220,180,127,165,140,70,227,164,121,128,5,86,155,6889,Men,233.5
36,234,105,50,199,63,201,223,172,43,95,214,242,208,31,173,123,50,199,63,201,223,62,179,2117,Men,230.5563596491228
37,2,79,197,38,204,41,143,104,153,151,217,9,79,175,165,140,70,227,164,121,128,24,22,14044,Women,216.13460735171265
38,134,44,166,25,86,122,21,120,129,61,66,52,243,105,39,237,111,115,46,15,78,229,17,13631,Women,213.22613745903223
39,69,230,105,39,237,111,115,46,15,78,68,34,175,45,37,48,239,107,109,216,244,75,187,4780,Women,212.08362573099416
40,166,219,111,115,46,15,78,68,34,175,165,140,70,145,189,191,60,29,64,2,116,5,86,14480,Women,205.43809523809523
41,185,40,64,2,116,177,135,211,19,53,185,74,139,231,156,184,55,20,206,232,152,219,111,4160,Women,194.63157894736844
42,129,242,28,97,194,162,100,157,14,22,209,35,235,86,122,21,120,129,61,66,52,225,110,5951,Men,193.19537304800463
43,173,248,164,121,128,5,212,18,236,218,8,91,59,36,44,228,163,77,67,207,36,170,188,5977,Women,191.97744360902254
44,225,103,172,43,95,214,242,208,234,117,181,219,28,22,209,35,235,112,126,58,42,185,213,850,Women,189.55849673202616
45,98,17,144,229,161,188,247,174,150,56,176,183,90,138,182,249,82,26,203,51,202,90,51,6903,Men,188.63826232247283
46,178,188,249,82,26,203,51,202,71,138,182,249,82,9,79,215,10,32,166,25,86,155,47,12259,Women,167.9749373433584
47,93,155,47,196,248,73,178,6,11,144,229,161,188,71,138,182,249,82,26,203,51,95,96,349,Men,161.44498746867168
48,179,119,44,228,163,77,67,207,36,44,228,163,77,65,12,133,62,195,87,179,241,23,27,6991,Men,158.25714285714287
49,116,50,108,213,17,27,230,159,147,108,213,17,27,227,164,121,128,5,212,18,236,190,36,7248,Women,155.49456975772765
50,21,71,73,178,6,11,144,229,161,188,247,174,150,219,28,97,194,162,100,157,14,136,130,22632,Women,154.73684210526315
51,201,6,235,112,126,58,42,225,169,240,106,142,47,93,233,141,192,190,54,224,171,119,44,12694,Women,153.90000000000003
52,78,203,149,193,16,76,84,119,94,226,186,154,7,91,59,65,12,133,62,195,87,146,53,4308,Men,152.55526315789473
53,108,204,65,12,133,62,195,87,179,241,105,39,237,89,96,146,99,98,93,233,141,216,55,14191,Men,150.9587012402802
54,95,117,161,188,247,174,150,56,176,183,90,130,4,11,144,229,161,188,247,174,150,25,206,23486,Women,147.5947884416925
55,233,61,196,248,73,178,6,11,144,229,161,188,247,115,46,15,78,68,34,175,165,151,246,20468,Men,142.61190476190475
56,84,187,211,19,53,185,74,139,75,155,57,137,200,15,78,68,34,175,165,140,70,243,37,13951,Women,141.6745614035088
57,59,177,14,22,209,35,235,112,126,58,42,225,169,221,72,92,158,3,125,49,170,188,249,1968,Women,139.75263157894736
58,169,47,21,120,129,61,66,52,243,103,145,189,191,44,228,163,77,67,207,36,44,166,150,12014,Women,139.53823529411764
59,177,7,143,104,153,151,217,9,79,215,10,32,166,187,124,160,24,198,168,167,33,83,195,16328,Men,137.1839912280702
60,232,159,220,180,127,40,131,220,180,127,40,131,220,149,193,16,76,84,119,94,226,182,244,15912,Women,135.7593984962406
61,137,122,122,21,120,129,61,66,52,243,103,145,189,74,139,75,155,57,137,200,69,18,171,7168,Men,129.418487394958
62,176,167,167,33,231,156,184,55,20,206,232,152,102,194,162,100,157,14,22,209,35,2,79,3597,Women,128.01205956066636
63,31,206,154,7,1,0,132,114,30,134,187,124,160,207,36,44,228,163,77,67,207,8,11,13931,Women,124.6345029239766
64,229,87,146,99,98,93,233,141,192,190,54,224,171,208,234,117,181,219,28,97,194,168,7,18777,Men,124.18019005847954
65,196,213,10,32,166,25,86,122,21,120,129,61,66,182,249,82,26,203,51,202,71,73,70,6944,Men,118.77075040542533
66,226,88,30,134,187,124,160,24,198,168,167,33,231,130,4,136,246,85,205,31,173,39,98,514,Women,114.65
67,199,211,240,106,142,47,196,248,73,178,6,11,144,228,163,77,67,207,36,44,228,61,196,568,Women,114.58163054695564
68,48,179,124,160,24,198,168,167,33,231,156,184,55,66,52,243,103,145,189,191,60,31,32,448,Women,111.55555555555554
69,230,110,109,216,244,89,96,146,99,98,93,233,141,176,183,90,130,4,136,246,85,117,161,13099,Men,109.2375
70,139,198,102,197,38,204,41,143,104,153,151,217,9,69,81,80,118,101,13,83,210,60,31,1532,Women,107.9779411764706
71,13,52,225,169,240,106,142,47,196,248,73,178,6,29,64,2,116,177,135,211,19,133,242,21029,Men,107.9031713900135
72,239,162,245,88,45,37,48,239,107,109,216,244,89,114,30,134,187,124,160,24,198,102,194,14195,Women,102.94783834586467
73,67,199,89,96,146,99,98,93,233,141,192,190,54,196,248,73,178,6,11,144,229,17,144,15230,Men,102.85000000000001
74,18,208,160,24,198,168,167,33,231,156,184,55,20,34,175,165,140,70,227,164,121,123,94,6309,Men,101.74850361197109
75,243,186,183,90,130,4,136,246,85,205,31,173,123,55,20,206,232,152,102,197,38,209,127,8996,Women,101.25981620718463
76,73,67,67,207,36,44,228,163,77,67,207,36,44,184,55,20,206,232,152,102,197,114,9,4401,Men,100.12324929971989
77,96,30,234,117,181,219,28,97,194,162,100,157,14,79,215,10,32,166,25,86,122,122,122,4426,Men,98.51817042606515
78,203,62,179,241,105,39,237,111,115,46,15,78,68,229,161,188,247,174,150,56,176,74,215,6046,Unisex,97.73113912231561
79,70,139,222,113,23,238,110,222,113,23,238,110,222,84,119,94,226,186,154,7,1,0,132,6008,Unisex,96.69289891395155
80,158,121,123,50,199,63,201,223,172,43,95,214,242,104,153,151,217,9,79,215,10,85,117,82,Men,96.04110459973462
81,215,165,151,217,9,79,215,10,32,166,25,86,122,140,70,227,164,121,128,5,212,33,83,1449,Men,95.89426691729324
82,76,73,70,227,164,121,128,5,212,18,236,218,8,171,245,88,45,37,48,239,107,174,156,7160,Men,95.04385964912281
83,214,240,186,154,7,1,0,132,114,30,134,187,124,124,160,24,198,168,167,33,231,16,68,7320,Men,93.15986842105264
84,187,140,131,220,180,127,40,131,220,180,127,40,131,87,179,241,105,39,237,111,115,63,48,23479,Women,92.58345864661655
85,125,15,208,234,117,181,219,28,97,194,162,100,157,200,69,81,80,118,101,13,83,195,241,20922,Men,92.15
86,146,115,63,201,223,172,43,95,214,242,208,234,117,90,130,4,136,246,85,205,31,32,69,5942,Men,88.36377708978328
87,197,183,12,133,62,195,87,179,241,105,39,237,111,99,98,93,233,141,192,190,54,169,157,13595,Women,83.7354700854701
88,80,158,152,102,197,38,204,41,143,104,153,151,217,143,104,153,151,217,9,79,215,191,77,20700,Men,83.33869969040248
89,200,149,217,9,79,215,10,32,166,25,86,122,21,116,177,135,211,19,53,185,74,215,191,15695,Men,82.89126662810874
90,223,191,77,67,207,36,44,228,163,77,67,207,36,2,116,177,135,211,19,53,185,213,10,13044,Men,81.0
91,195,77,158,3,125,49,170,149,193,16,76,84,119,123,50,199,63,201,223,172,43,178,40,23589,Women,80.71207430340556
92,109,92,212,18,236,218,8,91,59,65,12,133,62,53,185,74,139,75,155,57,137,41,228,1872,Men,77.20436507936508
93,155,36,170,149,193,16,76,84,119,94,226,186,154,195,87,179,241,105,39,237,111,34,134,15635,Women,76.90388471177944
94,174,128,24,198,168,167,33,231,156,184,55,20,206,26,203,51,202,71,138,182,249,125,198,12411,Women,76.82539682539682
95,117,172,81,80,118,101,13,83,210,221,72,92,158,203,51,202,71,138,182,249,82,80,214,21019,Women,76.55714285714286
96,30,22,207,36,44,228,163,77,67,207,36,44,228,163,77,67,207,36,44,228,163,128,24,4008,Men,74.72957714799821
97,237,135,193,16,76,84,119,94,226,186,154,7,1,0,132,114,30,134,187,124,160,248,164,8152,Men,73.08245614035089
98,17,136,130,4,136,246,85,205,31,173,123,50,199,7,1,0,132,114,30,134,187,211,240,20539,Men,72.12578325527241
99,66,226,182,249,82,26,203,51,202,71,138,182,249,249,82,26,203,51,202,71,138,26,163,5420,Women,69.40852130325814
100,51,201,82,26,203,51,202,71,138,182,249,82,26,238,110,222,113,23,238,110,222,148,180,581,Women,68.99285714285715
101,212,154,19,53,185,74,139,75,155,57,137,200,69,215,10,32,166,25,86,122,21,71,73,6838,Men,66.43809523809524
102,94,174,156,184,55,20,206,232,152,102,197,38,204,23,238,110,222,113,23,238,110,109,104,7058,Men,66.21776315789474
103,126,218,153,151,217,9,79,215,10,32,166,25,86,118,101,13,83,210,221,72,92,212,33,5939,Women,66.13749999999999
104,97,237,221,72,92,158,3,125,49,170,149,193,16,235,112,126,58,42,225,169,240,186,183,4398,Women,65.82539682539682
105,227,38,209,35,235,112,126,58,42,225,169,240,106,75,155,57,137,200,69,81,80,214,247,2034,Men,64.94603174603175
106,49,116,5,212,18,236,218,8,91,59,65,12,133,16,76,84,119,94,226,186,154,19,133,15587,Women,64.58333333333333
107,138,3,91,59,65,12,133,62,195,87,179,241,105,161,188,247,174,150,56,176,183,12,1,11658,Unisex,63.719298245614034
108,204,82,80,118,101,13,83,210,221,72,92,158,3,42,225,169,240,106,142,47,196,35,2,960,Women,63.227777777777774
109,92,109,104,153,151,217,9,79,215,10,32,166,25,230,159,147,108,213,17,27,230,105,50,8113,Unisex,62.81666666666666
110,147,39,98,93,233,141,192,190,54,224,171,245,88,213,17,27,230,159,147,108,213,10,85,94,Men,61.22486670106639
111,130,193,99,98,93,233,141,192,190,54,224,171,245,109,216,244,89,96,146,99,98,138,26,4781,Women,60.963157894736845
112,45,98,138,182,249,82,26,203,51,202,71,138,182,59,65,12,133,62,195,87,179,124,3,767,Unisex,60.89802631578947
113,194,168,7,1,0,132,114,30,134,187,124,160,24,94,226,186,154,7,1,0,132,227,159,3637,Women,60.194444444444436
114,42,129,92,158,3,125,49,170,149,193,16,76,84,218,8,91,59,65,12,133,62,179,124,6248,Men,60.16422466422466
115,189,244,75,155,57,137,200,69,81,80,118,101,13,209,35,235,112,126,58,42,225,110,109,13030,Women,58.02287581699346
116,50,21,71,138,182,249,82,26,203,51,202,71,138,237,111,115,46,15,78,68,34,134,184,13846,Women,57.990196078431374
117,172,220,103,145,189,191,60,29,64,2,116,177,135,110,222,113,23,238,110,222,113,15,208,11862,Women,57.93333333333334
118,192,249,125,49,170,149,193,16,76,84,119,94,226,160,24,198,168,167,33,231,156,204,65,21828,Women,57.32858187134502
119,104,97,200,69,81,80,118,101,13,83,210,221,72,102,197,38,204,41,143,104,153,43,178,15843,Men,54.95039682539682
120,34,224,87,179,241,105,39,237,111,115,46,15,78,58,42,225,169,240,106,142,47,21,71,4340,Men,53.490756302521014
121,118,192,6,11,144,229,161,188,247,174,150,56,176,47,196,248,73,178,6,11,144,121,123,9055,Men,52.8547619047619
122,145,41,228,163,77,67,207,36,44,228,163,77,67,80,118,101,13,83,210,221,72,203,149,2078,Women,52.26817042606516
123,131,5,86,122,21,120,129,61,66,52,243,103,145,244,89,96,146,99,98,93,233,88,30,7878,Women,51.35340802987862
124,24,64,233,141,192,190,54,224,171,245,88,45,37,173,123,50,199,63,201,223,172,81,199,189,Men,50.027185611086544
125,15,1,0,132,114,30,134,187,124,160,24,198,168,220,180,127,40,131,220,180,127,72,203,7566,Women,49.51257309941521
126,218,127,72,92,158,3,125,49,170,149,193,16,76,153,151,217,9,79,215,10,32,69,18,12552,Women,49.22087912087912
127,63,31,32,166,25,86,122,21,120,129,61,66,52,239,107,109,216,244,89,96,146,53,84,5665,Men,48.75
128,9,11,56,176,183,90,130,4,136,246,85,205,31,232,152,102,197,38,204,41,143,100,45,12249,Women,48.516666666666666
129,242,54,169,240,106,142,47,196,248,73,178,6,11,234,117,181,219,28,97,194,162,245,223,12691,Women,48.30971659919028
130,193,57,232,152,102,197,38,204,41,143,104,153,151,183,90,130,4,136,246,85,205,20,236,7128,Men,48.15083296476485
131,5,120,58,42,225,169,240,106,142,47,196,248,73,155,57,137,200,69,81,80,118,202,90,1341,Women,47.84586466165414
132,202,99,147,108,213,17,27,230,159,147,108,213,17,67,207,36,44,228,163,77,67,67,67,8708,Women,47.550000000000004
133,161,217,165,140,70,227,164,121,128,5,212,18,236,88,45,37,48,239,107,109,216,55,59,6931,Women,47.54887218045113
134,44,225,110,222,113,23,238,110,222,113,23,238,110,43,95,214,242,208,234,117,181,175,46,13122,Men,47.368421052631575
135,58,169,157,14,22,209,35,235,112,126,58,42,225,159,147,108,213,17,27,230,159,220,103,10472,Men,47.13366750208855
136,123,131,49,170,149,193,16,76,84,119,94,226,186,64,2,116,177,135,211,19,53,84,13,30,Women,46.49458204334365
137,122,145,101,13,83,210,221,72,92,158,3,125,49,119,94,226,186,154,7,1,0,132,227,6188,Men,46.31871345029239
138,3,91,66,52,243,103,145,189,191,60,29,64,2,1,0,132,114,30,134,187,124,3,91,15705,Men,45.254406850459475
139,198,89,237,111,115,46,15,78,68,34,175,165,140,240,106,142,47,196,248,73,178,40,64,8528,Men,45.100250626566414
140,142,81,199,63,201,223,172,43,95,214,242,208,234,85,205,31,173,123,50,199,63,48,116,26789,Men,44.62443609022556
141,72,239,54,224,171,245,88,45,37,48,239,107,109,245,88,45,37,48,239,107,109,104,189,2121,Women,43.5
142,81,215,191,60,29,64,2,116,177,135,211,19,53,117,181,219,28,97,194,162,100,45,173,4200,Men,42.175595238095234
143,184,14,136,246,85,205,31,173,123,50,199,63,201,17,27,230,159,147,108,213,17,144,121,21022,Women,41.018421052631574
144,19,68,201,223,172,43,95,214,242,208,234,117,181,56,176,183,90,130,4,136,246,112,218,13410,Women,39.82857142857142
145,41,185,213,17,27,230,159,147,108,213,17,27,230,135,211,19,53,185,74,139,75,187,211,9058,Women,38.741176470588236
146,115,189,210,221,72,92,158,3,125,49,170,149,193,35,235,112,126,58,42,225,169,157,231,4978,Men,38.553414786967416
147,39,69,18,236,218,8,91,59,65,12,133,62,195,3,125,49,170,149,193,16,76,226,182,18029,Men,38.31666666666667
148,152,245,223,172,43,95,214,242,208,234,117,181,219,148,148,148,148,148,148,148,148,180,140,12224,Men,38.225563909774436
149,26,83,195,87,179,241,105,39,237,111,115,46,15,206,232,152,102,197,38,204,41,228,61,3658,Women,37.577777777777776
150,222,247,113,23,238,110,222,113,23,238,110,222,113,217,9,79,215,10,32,166,25,206,154,4414,Women,37.20373482726424
151,210,20,236,218,8,91,59,65,12,133,62,195,87,92,158,3,125,49,170,149,193,99,147,7818,Men,36.411904761904765
152,245,164,107,109,216,244,89,96,146,99,98,93,233,122,21,120,129,61,66,52,243,37,129,14453,Women,36.225563909774436
153,181,46,93,233,141,192,190,54,224,171,245,88,45,8,91,59,65,12,133,62,195,241,23,3392,Women,36.16428571428571
154,216,160,248,73,178,6,11,144,229,161,188,247,174,57,137,200,69,81,80,118,101,42,185,2026,Women,36.140476190476186
155,36,234,162,100,157,14,22,209,35,235,112,126,58,19,53,185,74,139,75,155,57,232,141,23470,Women,36.134502923976605
156,100,51,95,214,242,208,234,117,181,219,28,97,194,33,231,156,184,55,20,206,232,141,216,13983,Women,35.047619047619044
157,101,212,33,231,156,184,55,20,206,232,152,102,197,5,212,18,236,218,8,91,59,176,74,1454,Women,33.956641604010024
158,121,118,202,71,138,182,249,82,26,203,51,202,71,202,71,138,182,249,82,26,203,149,217,12986,Men,33.781684981684975
159,53,108,139,75,155,57,137,200,69,81,80,118,101,193,16,76,84,119,94,226,186,183,12,15763,Men,33.1875
160,35,29,205,31,173,123,50,199,63,201,223,172,43,226,186,154,7,1,0,132,114,9,52,3488,Women,33.17002801120449
161,217,111,34,175,165,140,70,227,164,121,128,5,212,169,240,106,142,47,196,248,73,70,243,11895,Women,32.282330827067675
162,180,156,204,41,143,104,153,151,217,9,79,215,10,142,47,196,248,73,178,6,11,56,177,1560,Women,32.117647058823536
163,25,236,190,54,224,171,245,88,45,37,48,239,107,41,143,104,153,151,217,9,79,197,114,7990,Men,32.05263157894737
164,246,23,27,230,159,147,108,213,17,27,230,159,147,236,218,8,91,59,65,12,133,242,28,7220,Men,31.41198830409357
165,151,210,60,29,64,2,116,177,135,211,19,53,185,63,201,223,172,43,95,214,242,28,29,20824,Men,31.07852398719272
166,219,60,31,173,123,50,199,63,201,223,172,43,95,192,190,54,224,171,245,88,45,173,39,17746,Men,30.527255639097746
167,43,173,39,237,111,115,46,15,78,68,34,175,165,216,244,89,96,146,99,98,93,126,142,12927,Men,30.38149294805642
168,150,222,148,148,148,148,148,148,148,148,148,148,148,224,171,245,88,45,37,48,239,54,169,5084,Women,29.997744360902253
169,47,93,126,58,42,225,169,240,106,142,47,196,248,121,128,5,212,18,236,218,8,11,56,22086,Women,29.869969040247682
170,231,182,244,89,96,146,99,98,93,233,141,192,190,78,68,34,175,165,140,70,227,159,220,14108,Men,29.619047619047617
171,157,101,42,225,169,240,106,142,47,196,248,73,178,50,199,63,201,223,172,43,95,96,76,7316,Women,28.8187343358396
172,220,33,83,210,221,72,92,158,3,125,49,170,149,179,241,105,39,237,111,115,46,93,126,9115,Women,28.23011695906433
173,248,113,15,78,68,34,175,165,140,70,227,164,121,77,67,207,36,44,228,163,77,158,152,7278,Men,27.467898913951547
174,128,9,52,243,103,145,189,191,60,29,64,2,116,40,131,220,180,127,40,131,220,103,172,18839,Men,27.14202172096909
175,107,138,26,203,51,202,71,138,182,249,82,26,203,20,206,232,152,102,197,38,204,65,230,13362,Women,26.13174603174603
176,167,43,178,6,11,144,229,161,188,247,174,150,56,13,83,210,221,72,92,158,3,91,66,15882,Women,25.621568627450987
177,7,235,106,142,47,196,248,73,178,6,11,144,229,164,121,128,5,212,18,236,218,153,43,22477,Women,25.59699248120301
178,188,175,46,15,78,68,34,175,165,140,70,227,164,188,247,174,150,56,176,183,90,51,95,15470,Women,25.042105263157893
179,119,104,189,191,60,29,64,2,116,177,135,211,19,120,129,61,66,52,243,103,145,101,42,3950,Men,24.523809523809522
180,156,100,45,37,48,239,107,109,216,244,89,96,146,225,169,240,106,142,47,196,248,164,107,15807,Women,23.940100250626564
181,46,178,40,131,220,180,127,40,131,220,180,127,40,21,120,129,61,66,52,243,103,172,81,12869,Men,23.21568627450981
182,74,18,171,245,88,45,37,48,239,107,109,216,244,106,142,47,196,248,73,178,6,235,106,439,Women,22.93609022556391
183,102,94,97,194,162,100,157,14,22,209,35,235,112,191,60,29,64,2,116,177,135,193,99,6580,Men,22.926625386996903
184,14,56,177,135,211,19,53,185,74,139,75,155,57,185,74,139,75,155,57,137,200,57,232,1396,Women,22.900000000000002
185,40,166,150,56,176,183,90,130,4,136,246,85,205,25,86,122,21,120,129,61,66,239,54,16683,Men,22.768253968253966
186,124,24,22,209,35,235,112,126,58,42,225,169,240,97,194,162,100,157,14,22,209,127,72,20973,Men,22.62673350041771
187,140,142,181,219,28,97,194,162,100,157,14,22,209,32,166,25,86,122,21,120,129,92,212,7155,Men,22.54088345864662
188,175,107,174,150,56,176,183,90,130,4,136,246,85,108,213,17,27,230,159,147,108,139,222,9,Women,22.142857142857146
189,244,28,29,64,2,116,177,135,211,19,53,185,74,14,22,209,35,235,112,126,58,137,41,1010,Women,22.11111111111111
190,12,85,117,181,219,28,97,194,162,100,157,14,22,48,239,107,109,216,244,89,96,76,226,523,Women,21.952380952380953
191,4,205,20,206,232,152,102,197,38,204,41,143,104,100,157,14,22,209,35,235,112,218,153,1690,Women,21.500000000000004
192,249,37,129,61,66,52,243,103,145,189,191,60,29,210,221,72,92,158,3,125,49,78,229,23489,Women,21.12039473684211
193,57,59,176,183,90,130,4,136,246,85,205,31,173,170,149,193,16,76,84,119,94,97,200,3099,Women,21.10952380952381
194,168,150,25,86,122,21,120,129,61,66,52,243,103,24,198,168,167,33,231,156,184,4,120,6810,Unisex,20.597410192147034
195,77,96,76,84,119,94,226,186,154,7,1,0,132,103,145,189,191,60,29,64,2,79,197,6834,Men,20.53108733371891
196,213,8,11,144,229,161,188,247,174,150,56,176,183,82,26,203,51,202,71,138,182,244,75,9056,Men,20.076190476190476
197,183,102,194,162,100,157,14,22,209,35,235,112,126,127,40,131,220,180,127,40,131,49,78,216,Men,19.714912280701753
198,89,200,57,137,200,69,81,80,118,101,13,83,210,81,80,118,101,13,83,210,221,38,209,8112,Men,19.69282581453634
199,211,65,230,159,147,108,213,17,27,230,159,147,108,167,33,231,156,184,55,20,206,154,19,9785,Men,19.53308823529412
200,149,26,163,77,67,207,36,44,228,163,77,67,207,28,97,194,162,100,157,14,22,207,8,6427,Men,18.31578947368421
201,6,86,155,57,137,200,69,81,80,118,101,13,83,156,184,55,20,206,232,152,102,194,168,8654,Women,17.125506072874494
202,99,66,239,107,109,216,244,89,96,146,99,98,93,128,5,212,18,236,218,8,91,66,239,7113,Men,17.00892857142857
203,62,176,74,139,75,155,57,137,200,69,81,80,118,111,115,46,15,78,68,34,175,46,93,11767,Men,16.785714285714285
204,82,76,226,186,154,7,1,0,132,114,30,134,187,70,227,164,121,128,5,212,18,171,119,7430,Men,16.52756892230576
205,241,221,38,204,41,143,104,153,151,217,9,79,215,139,75,155,57,137,200,69,81,199,89,2990,Women,16.227067669172932
206,55,233,88,45,37,48,239,107,109,216,244,89,96,101,13,83,210,221,72,92,158,152,219,10726,Women,15.313157894736843
207,114,42,185,74,139,75,155,57,137,200,69,81,80,62,195,87,179,241,105,39,237,221,38,19889,Men,14.846153846153847
208,90,223,62,195,87,179,241,105,39,237,111,115,46,174,150,56,176,183,90,130,4,120,58,8640,Women,13.817647058823528
209,112,45,173,123,50,199,63,201,223,172,43,95,214,137,200,69,81,80,118,101,13,238,135,18461,Men,13.411764705882355
210,20,144,121,128,5,212,18,236,218,8,91,59,65,211,19,53,185,74,139,75,155,47,21,4211,Men,13.350000000000001
211,65,196,35,235,112,126,58,42,225,169,240,106,142,242,208,234,117,181,219,28,97,200,57,22137,Men,13.294117647058824
212,154,216,55,20,206,232,152,102,197,38,204,41,143,180,127,40,131,220,180,127,40,64,233,6630,Men,12.958340704702932
213,8,171,119,94,226,186,154,7,1,0,132,114,30,133,62,195,87,179,241,105,39,98,138,4300,Men,12.565384615384614
214,240,106,192,190,54,224,171,245,88,45,37,48,239,96,146,99,98,93,233,141,192,6,235,4492,Women,12.289724310776942
215,165,151,246,85,205,31,173,123,50,199,63,201,223,152,102,197,38,204,41,143,104,189,210,6253,Men,12.284967320261437
216,160,35,2,116,177,135,211,19,53,185,74,139,75,39,237,111,115,46,15,78,68,201,82,9364,Women,11.761904761904761
217,111,130,145,189,191,60,29,64,2,116,177,135,211,83,210,221,72,92,158,3,125,198,102,21426,Women,11.383928571428571
218,127,63,48,239,107,109,216,244,89,96,146,99,98,107,109,216,244,89,96,146,99,147,118,4561,Men,10.731485576686815
219,60,232,141,192,190,54,224,171,245,88,45,37,48,177,135,211,19,53,185,74,139,222,148,12809,Men,10.4
220,33,228,61,66,52,243,103,145,189,191,60,29,64,243,103,145,189,191,60,29,64,233,88,13484,Men,9.584558823529413
221,10,143,100,157,14,22,209,35,235,112,126,58,42,27,230,159,147,108,213,17,27,224,87,4464,Men,9.12280701754386
222,247,75,187,124,160,24,198,168,167,33,231,156,184,61,66,52,243,103,145,189,191,77,158,837,Men,8.71453634085213
223,191,4,120,129,61,66,52,243,103,145,189,191,60,246,85,205,31,173,123,50,199,89,237,13064,Men,8.271428571428572
224,153,181,175,165,140,70,227,164,121,128,5,212,18,201,223,172,43,95,214,242,208,160,248,6371,Men,6.904761904761904
225,103,126,142,47,196,248,73,178,6,11,144,229,161,212,18,236,218,8,91,59,65,230,105,11344,Men,6.826357560568086
226,88,80,214,242,208,234,117,181,219,28,97,194,162,223,172,43,95,214,242,208,234,162,245,11776,Men,6.0620915032679745
227,38,134,184,55,20,206,232,152,102,197,38,204,41,60,29,64,2,116,177,135,211,240,186,6226,Unisex,5.854076367389061
228,148,152,219,28,97,194,162,100,157,14,22,209,35,131,220,180,127,40,131,220,180,140,131,3715,Women,5.263157894736842
229,87,197,114,30,134,187,124,160,24,198,168,167,33,204,41,143,104,153,151,217,9,52,225,15421,Women,4.9374686716791985
230,110,147,118,101,13,83,210,221,72,92,158,3,125,38,204,41,143,104,153,151,217,165,151,3702,Women,4.917647058823529
231,182,74,215,10,32,166,25,86,122,21,120,129,61,129,61,66,52,243,103,145,189,210,60,285,Women,4.857142857142857
232,159,53,84,119,94,226,186,154,7,1,0,132,114,241,105,39,237,111,115,46,15,208,160,9708,Unisex,4.7444444444444445
233,61,137,41,143,104,153,151,217,9,79,215,10,32,68,34,175,165,140,70,227,164,107,174,9808,Women,4.619047619047619
234,105,227,159,147,108,213,17,27,230,159,147,108,213,150,56,176,183,90,130,4,136,130,145,7830,Men,3.363408521303258
235,16,238,135,211,19,53,185,74,139,75,155,57,137,233,141,192,190,54,224,171,245,223,62,5096,Unisex,3.333333333333333
236,141,72,203,51,202,71,138,182,249,82,26,203,51,46,15,78,68,34,175,165,140,131,49,8815,Women,3.0870927318295736
237,135,58,137,200,69,81,80,118,101,13,83,210,221,151,217,9,79,215,10,32,166,150,25,19139,Men,2.8571428571428568
238,190,12,1,0,132,114,30,134,187,124,160,24,198,6,11,144,229,161,188,247,174,156,204,7002,Men,2.346638655462185
239,162,180,140,70,227,164,121,128,5,212,18,236,218,144,229,161,188,247,174,150,56,177,14,1444,Men,2.2698412698412698
240,106,49,78,68,34,175,165,140,70,227,164,121,128,154,7,1,0,132,114,30,134,184,4,14793,Women,1.9022556390977443
241,221,10,85,205,31,173,123,50,199,63,201,223,172,125,49,170,149,193,16,76,84,13,238,8431,Women,1.611111111111111
242,54,95,96,146,99,98,93,233,141,192,190,54,224,157,14,22,209,35,235,112,126,142,181,4200,Men,1.4079831932773108
243,186,124,3,125,49,170,149,193,16,76,84,119,94,158,3,125,49,170,149,193,16,68,201,7071,Men,0.7072296124927704
244,28,170,188,247,174,150,56,176,183,90,130,4,136,54,224,171,245,88,45,37,48,116,5,2432,Women,0.0
245,164,246,112,126,58,42,225,169,240,106,142,47,196,4,136,246,85,205,31,173,123,94,97,5904,Women,0.0
246,23,27,224,171,245,88,45,37,48,239,107,109,216,141,192,190,54,224,171,245,88,30,234,20638,Men,0.0
247,75,243,37,48,239,107,109,216,244,89,96,146,99,197,38,204,41,143,104,153,151,246,112,20236,Women,0.0
248,113,194,168,167,33,231,156,184,55,20,206,232,152,172,43,95,214,242,208,234,117,161,115,3155,Women,0.0
249,37,2,79,215,10,32,166,25,86,122,21,120,129,190,54,224,171,245,88,45,37,129,92,5143,Women,0.0
